{
	"IcoMoonType": "selection",
	"icons": [
		{
			"icon": {
				"paths": [
					"M6.76 438.26c0 199.119 141.14 294.595 313.632 361.643 172.514 67.048 550.89 67.048 840.841 0s527.186-229.79 527.186-361.643c0-131.877-234.234-294.596-520.521-361.644s-664.663-67.048-840.839 0-320.299 162.523-320.299 361.644z",
					"M1453.825 125.159l15.436-44.3c8.607-24.698 33.654-44.227 55.656-43.447l143.502 5.218c22.022 0.805 34.235 22.235 27.187 47.64l-47.728 171.741c-2.661 9.606-7.386 16.969-13.251 21.699-48.168-46.764-111.652-89.455-182.905-125.953-1.94-10.801-1.5-22.26 2.103-32.597z",
					"M1453.825 748.556l15.436 44.324c8.607 24.674 33.654 44.227 55.656 43.423l143.502-5.242c22.022-0.78 34.235-22.236 27.187-47.616l-47.728-171.764c-2.661-9.63-7.386-16.945-13.251-21.723-48.168 46.787-111.652 89.478-182.905 125.952-1.94 10.874-1.5 22.309 2.103 32.646z",
					"M1031.214 852.444c9.11 1.731 14.255 10.996 11.331 22.601l-28.267 111.86c-3.244 12.824-14.895 23.308-25.906 23.308h-373.673c-11.011 0-22.662-10.484-25.906-23.308l-5.805-23.454-13.102-51.227 0.388 0.929-9.75-38.107c-0.198-0.78-0.039-1.487-0.178-2.243 43.081 3.145 88.948 4.803 137.096 4.803 111.891 0 226.445-8.875 333.773-25.161z"
				],
				"attrs": [
					{},
					{},
					{},
					{}
				],
				"width": 1707,
				"grid": 0,
				"tags": [
					"blimp"
				]
			},
			"attrs": [
				{},
				{},
				{},
				{}
			],
			"properties": {
				"order": 4,
				"id": 0,
				"prevSize": 32,
				"code": 58880,
				"name": "simpleblimp",
				"ligatures": ""
			},
			"setIdx": 0,
			"iconIdx": 0
		}
	],
	"height": 1024,
	"metadata": {
		"name": "simpleblimp"
	},
	"preferences": {
		"fontPref": {
			"prefix": "sb-",
			"metadata": {
				"fontFamily": "simpleblimp",
				"majorVersion": 1,
				"minorVersion": 0
			},
			"showGlyphs": true,
			"metrics": {
				"emSize": 512,
				"baseline": 6.25,
				"whitespace": 50
			},
			"resetPoint": 58880,
			"showQuickUse": true,
			"quickUsageToken": false,
			"showMetrics": true,
			"showMetadata": false,
			"embed": true
		},
		"imagePref": {
			"color": 0,
			"height": 32,
			"columns": 16,
			"margin": 16,
			"png": false,
			"sprites": true
		},
		"historySize": 100,
		"showCodes": true,
		"gridSize": 16,
		"showLiga": false,
		"showGrid": true,
		"showGlyphs": true,
		"showQuickUse": true,
		"search": ""
	}
}